Workbook

Sheet Dashboard
B2: Service Staffing Tracker — Sprint Planning Tracker
B3: MVP team tracker · Update Status & % Done on Sprint Backlog · Dashboard KPIs refresh automatically
B5: Total Steps | C5: Done | D5: In Progress | E5: Blocked | F5: % Complete | G5: In Review | L5: Sprint | M5: Steps | N5: Done
B6: =COUNTA('Sprint Backlog'!B7:B63) | C6: =COUNTIF('Sprint Backlog'!I7:I63,"Done") | D6: =COUNTIF('Sprint Backlog'!I7:I63,"In Progress") | E6: =COUNTIF('Sprint Backlog'!I7:I63,"Blocked") | F6: =IF(B6=0,0,C6/B6) | G6: =COUNTIF('Sprint Backlog'!I7:I63,"In Review") | L6: S1 | M6: =COUNTIF('Sprint Backlog'!$A$7:$A$63,L6) | N6: =COUNTIFS('Sprint Backlog'!$A$7:$A$63,L6,'Sprint Backlog'!$I$7:$I$63,"Done")
L7: S2 | M7: =COUNTIF('Sprint Backlog'!$A$7:$A$63,L7) | N7: =COUNTIFS('Sprint Backlog'!$A$7:$A$63,L7,'Sprint Backlog'!$I$7:$I$63,"Done")
B8: How to use this workbook | L8: S3 | M8: =COUNTIF('Sprint Backlog'!$A$7:$A$63,L8) | N8: =COUNTIFS('Sprint Backlog'!$A$7:$A$63,L8,'Sprint Backlog'!$I$7:$I$63,"Done")
B9: 1. Update Status and % Done on the Sprint Backlog sheet (dropdowns provided). | L9: S4 | M9: =COUNTIF('Sprint Backlog'!$A$7:$A$63,L9) | N9: =COUNTIFS('Sprint Backlog'!$A$7:$A$63,L9,'Sprint Backlog'!$I$7:$I$63,"Done")
B10: 2. Filter Backlog by Sprint, Owner, or Module using the table filters. | L10: S5 | M10: =COUNTIF('Sprint Backlog'!$A$7:$A$63,L10) | N10: =COUNTIFS('Sprint Backlog'!$A$7:$A$63,L10,'Sprint Backlog'!$I$7:$I$63,"Done")
B11: 3. Check By Person / By Sprint sheets for progress rollups (formula-driven). | L11: S6 | M11: =COUNTIF('Sprint Backlog'!$A$7:$A$63,L11) | N11: =COUNTIFS('Sprint Backlog'!$A$7:$A$63,L11,'Sprint Backlog'!$I$7:$I$63,"Done")
B12: 4. Mark Handoffs as Met when the contract criteria are satisfied. | L12: S7 | M12: =COUNTIF('Sprint Backlog'!$A$7:$A$63,L12) | N12: =COUNTIFS('Sprint Backlog'!$A$7:$A$63,L12,'Sprint Backlog'!$I$7:$I$63,"Done")
B13: 5. Use Sprint Boards for manager demo talking points each sprint review. | L13: S8 | M13: =COUNTIF('Sprint Backlog'!$A$7:$A$63,L13) | N13: =COUNTIFS('Sprint Backlog'!$A$7:$A$63,L13,'Sprint Backlog'!$I$7:$I$63,"Done")
B14: 6. Source of truth doc: docs/12-planning/TEAM_SPRINT_PLAN.md
L15: Legend: update backlog Status to drive KPIs & chart
B16: Milestones
B17: Milestone | C17: Sprints | D17: Theme | E17: Manager Demo
B18: M1 Foundations | C18: S1–S2 | D18: Login, masters, requirements | E18: Login as roles; create a requirement
B19: M2 Pipeline | C19: S3–S4 | D19: Candidates + selection | E19: Full TA pipeline on one req
B20: M3 Close the loop | C20: S5–S6 | D20: Offers → onboarding → join | E20: Candidate selected → joined
B21: M4 Insights & harden | C21: S7–S8 | D21: Dashboard, import, polish | E21: Live KPIs + Excel import

Sheet Ownership
B2: Module Ownership
B4: Module / Department | C4: Member(s) | D4: Primary Epics | E4: Demo Focus
B5: Sales | C5: Ananya | D5: E3 Requirements | E5: Create req → assign TA → status / SLA
B6: Talent Acquisition (TA) | C6: Mohit & Rohit | D6: E4 Candidates (+ offer handoff) | E6: Add candidate → stages → select → offer
B7: HR | C7: Shalu & Harsh | D7: E6 Onboarding (+ offer accept) | E7: Accept offer → docs / BGV → Joined
B8: Admin | C8: Harsh | D8: E1 / E2 / E8 Auth, Masters, Audit, Import | E8: Users, dropdowns, audit, CSV import
B9: Dashboard | C9: Saleena & Akash | D9: E7 Dashboard | E9: KPI cards, filters, RAG / stage views
B10: Review | C10: Akash & Gaurav | D10: Cross-cutting QA | E10: Demo checklist, bugs, acceptance
B12: Offer ownership split: Rohit (TA) create→release · Shalu (HR) accept→onboarding
B14: Dependency: Admin unlocks all → Sales → TA → HR → Dashboard enrichment · Review every sprint
B16: Ceremonies
B17: Ceremony | C17: Cadence | D17: Owner / Focus
B18: Planning | C18: Start of sprint | D18: Module owners pick Step IDs by dependency graph
B19: Daily | C19: Daily | D19: Blockers only
B20: Review | C20: End of sprint | D20: Akash leads demo script; owners demo
B21: Retro | C21: End of sprint | D21: Doc gaps + handoff friction

Sheet Sprint Backlog
A1: Sprint Backlog — Track every step (edit Status / % Done / Notes / PR Link)
A2: Done when: UI + API (where applicable) + short test note · Link PRs to Step ID
A6: Sprint | B6: Step ID | C6: Owner | D6: Module | E6: Track | F6: Deliverable | G6: Demo Line | H6: Epic / FR | I6: Status | J6: % Done | K6: Notes | L6: PR Link
A7: S1 | B7: A-1 | C7: Harsh | D7: Admin | E7: Admin | F7: Login + JWT session + role-based route guards | G7: Secure access | H7: E1 / FR-AUTH | I7: Not Started | J7: 0
A8: S1 | B8: A-2 | C8: Harsh | D8: Admin | E8: Admin | F8: Seed + serve Setup Lists (stages, statuses, priorities…) | G8: Dropdowns match Excel | H8: E2 / FR-MD | I8: Not Started | J8: 0
A9: S1 | B9: S-1 | C9: Ananya | D9: Sales | E9: Requirements | F9: Requirements list page (table, search, basic filters) | G9: Here's all open demand | H9: E3-S1 / FR-REQ | I9: Not Started | J9: 0
A10: S1 | B10: S-2 | C10: Ananya | D10: Sales | E10: Requirements | F10: Create requirement form (client, role, positions, sales owner, priority) | G10: New req in 1 minute | H10: E3-S1 / FR-REQ-01 | I10: Not Started | J10: 0
A11: S1 | B11: D-S1 | C11: Saleena | D11: Dashboard | E11: Dashboard | F11: Dashboard shell + loading skeletons | G11: Home page ready | H11: E7 | I11: Not Started | J11: 0
A12: S1 | B12: R-G1 | C12: Gaurav | D12: Review | E12: Review | F12: Test accounts per role (Admin/Sales/TA/HR/Lead) + login matrix | G12: RBAC demo prep | H12: QA | I12: Not Started | J12: 0
A13: S1 | B13: R-A1 | C13: Akash | D13: Review | E13: Review | F13: Sprint demo script + acceptance checklist (ongoing) | G13: Manager walkthrough ready | H13: QA | I13: Not Started | J13: 0
A14: S2 | B14: A-3 | C14: Harsh | D14: Admin | E14: Admin | F14: Admin Users CRUD (create/disable, assign roles) | G14: Provision Sales/TA/HR | H14: E1-S3 / FR-AUTH-04 | I14: Not Started | J14: 0
A15: S2 | B15: A-4 | C15: Harsh | D15: Admin | E15: Admin | F15: Clients + Job Families CRUD | G15: Normalized masters | H15: E2-S2 / FR-MD-08/09 | I15: Not Started | J15: 0
A16: S2 | B16: S-3 | C16: Ananya | D16: Sales | E16: Requirements | F16: Requirement detail page + edit | G16: Edit without breaking Excel rules | H16: E3 / FR-REQ | I16: Not Started | J16: 0
A17: S2 | B17: S-4 | C17: Ananya | D17: Sales | E17: Requirements | F17: Assign TA + TA handoff date | G17: Sales → TA handoff | H17: E3-S2 / FR-REQ-02 | I17: Not Started | J17: 0
A18: S2 | B18: T-M1 | C18: Mohit | D18: TA | E18: Candidates | F18: Candidates list + filter by requirement | G18: Pipeline inventory | H18: E4 / FR-CAN-10 | I18: Not Started | J18: 0
... A63: Every | B63: R-A2 | C63: Akash | D63: Review | E63: Review | F63: Smoke test critical path for merged PRs | G63: Nothing broken before demo | H63: QA | I63: Not Started | J63: 0

Sheet By Sprint
B2: Sprint Boards — Focus & Manager Demo
B4: Sprint | C4: Theme | D4: Manager Demo | E4: Who Does What | F4: Total | G4: Done | H4: In Progress | I4: % Complete
B5: S1 | C5: Foundations | D5: Login → create requirement | E5: Harsh: Login, seeds, masters | Ananya: Req list+create | Saleena: Dashboard shell | Review: role test users | F5: =COUNTIF('Sprint Backlog'!$A$7:$A$63,B5) | G5: =COUNTIFS('Sprint Backlog'!$A$7:$A$63,B5,'Sprint Backlog'!$I$7:$I$63,"Done") | H5: =COUNTIFS('Sprint Backlog'!$A$7:$A$63,B5,'Sprint Backlog'!$I$7:$I$63,"In Progress") | I5: =IF(F5=0,0,G5/F5)
B6: S2 | C6: Sales + Admin usable | D6: Create user → client → req → assign TA | E6: Ananya: Detail/edit/TA assign | Harsh: Users/clients/JF | Mohit: Candidates list | Saleena: KPI layout | F6: =COUNTIF('Sprint Backlog'!$A$7:$A$63,B6) | G6: =COUNTIFS('Sprint Backlog'!$A$7:$A$63,B6,'Sprint Backlog'!$I$7:$I$63,"Done") | H6: =COUNTIFS('Sprint Backlog'!$A$7:$A$63,B6,'Sprint Backlog'!$I$7:$I$63,"In Progress") | I6: =IF(F6=0,0,G6/F6)
B7: S3 | C7: TA pipeline starts | D7: One req with 2–3 candidates moving stages | E7: Mohit: Add candidate/stages | Rohit: Validation | Ananya: Status+RAG | Dashboard: KPIs+filters | F7: =COUNTIF('Sprint Backlog'!$A$7:$A$63,B7) | G7: =COUNTIFS('Sprint Backlog'!$A$7:$A$63,B7,'Sprint Backlog'!$I$7:$I$63,"Done") | H7: =COUNTIFS('Sprint Backlog'!$A$7:$A$63,B7,'Sprint Backlog'!$I$7:$I$63,"In Progress") | I7: =IF(F7=0,0,G7/F7)
B8: S4 | C8: Selection quality | D8: Duplicate warning + select a candidate | E8: Mohit: Duplicates/detail | Rohit: Select | Harsh: Audit | Dashboard: funnel KPIs | F8: =COUNTIF('Sprint Backlog'!$A$7:$A$63,B8) | G8: =COUNTIFS('Sprint Backlog'!$A$7:$A$63,B8,'Sprint Backlog'!$I$7:$I$63,"Done") | H8: =COUNTIFS('Sprint Backlog'!$A$7:$A$63,B8,'Sprint Backlog'!$I$7:$I$63,"In Progress") | I8: =IF(F8=0,0,G8/F8)
B9: S5 | C9: Offers | D9: Selected → offer released → accepted | E9: Rohit: Offer CRUD | Shalu: Onboarding create | Harsh: HR RBAC help | Dashboard: offers KPIs | F9: =COUNTIF('Sprint Backlog'!$A$7:$A$63,B9) | G9: =COUNTIFS('Sprint Backlog'!$A$7:$A$63,B9,'Sprint Backlog'!$I$7:$I$63,"Done") | H9: =COUNTIFS('Sprint Backlog'!$A$7:$A$63,B9,'Sprint Backlog'!$I$7:$I$63,"In Progress") | I9: =IF(F9=0,0,G9/F9)
B10: S6 | C10: HR join path | D10: Accepted offer → Joined; positions closed | E10: Shalu: Docs/BGV/DOJ | Rohit: Offer RAG/CTA | Harsh: Import draft | Dashboard: stage/RAG | F10: =COUNTIF('Sprint Backlog'!$A$7:$A$63,B10) | G10: =COUNTIFS('Sprint Backlog'!$A$7:$A$63,B10,'Sprint Backlog'!$I$7:$I$63,"Done") | H10: =COUNTIFS('Sprint Backlog'!$A$7:$A$63,B10,'Sprint Backlog'!$I$7:$I$63,"In Progress") | I10: =IF(F10=0,0,G10/F10)
B11: S7 | C11: Dashboard parity | D11: Filter dashboard; RED escalations; CSV import | E11: Saleena/Akash: Full KPIs | Shalu: Onboarding RAG | Harsh: CSV import | Review: KPI vs Excel | F11: =COUNTIF('Sprint Backlog'!$A$7:$A$63,B11) | G11: =COUNTIFS('Sprint Backlog'!$A$7:$A$63,B11,'Sprint Backlog'!$I$7:$I$63,"Done") | H11: =COUNTIFS('Sprint Backlog'!$A$7:$A$63,B11,'Sprint Backlog'!$I$7:$I$63,"In Progress") | I11: =IF(F11=0,0,G11/F11)
B12: S8 | C12: Hardening & showcase | D12: E2E: Sales → TA → Offer → HR → Dashboard | E12: All: Bug bash | Review: Regression | Harsh: Import final | Dashboard: polish | F12: =COUNTIF('Sprint Backlog'!$A$7:$A$63,B12) | G12: =COUNTIFS('Sprint Backlog'!$A$7:$A$63,B12,'Sprint Backlog'!$I$7:$I$63,"Done") | H12: =COUNTIFS('Sprint Backlog'!$A$7:$A$63,B12,'Sprint Backlog'!$I$7:$I$63,"In Progress") | I12: =IF(F12=0,0,G12/F12)

Sheet By Person
B2: Progress by Person
B4: Person | C4: Primary Module | D4: Total Steps | E4: Done | F4: In Progress | G4: Blocked | H4: % Complete
B5: Ananya | C5: Sales | D5: =COUNTIF('Sprint Backlog'!$C$7:$C$63,B5) | E5: =COUNTIFS('Sprint Backlog'!$C$7:$C$63,B5,'Sprint Backlog'!$I$7:$I$63,"Done") | F5: =COUNTIFS('Sprint Backlog'!$C$7:$C$63,B5,'Sprint Backlog'!$I$7:$I$63,"In Progress") | G5: =COUNTIFS('Sprint Backlog'!$C$7:$C$63,B5,'Sprint Backlog'!$I$7:$I$63,"Blocked") | H5: =IF(D5=0,0,E5/D5)
B6: Mohit | C6: TA | D6: =COUNTIF('Sprint Backlog'!$C$7:$C$63,B6) | E6: =COUNTIFS('Sprint Backlog'!$C$7:$C$63,B6,'Sprint Backlog'!$I$7:$I$63,"Done") | F6: =COUNTIFS('Sprint Backlog'!$C$7:$C$63,B6,'Sprint Backlog'!$I$7:$I$63,"In Progress") | G6: =COUNTIFS('Sprint Backlog'!$C$7:$C$63,B6,'Sprint Backlog'!$I$7:$I$63,"Blocked") | H6: =IF(D6=0,0,E6/D6)
B7: Rohit | C7: TA | D7: =COUNTIF('Sprint Backlog'!$C$7:$C$63,B7) | E7: =COUNTIFS('Sprint Backlog'!$C$7:$C$63,B7,'Sprint Backlog'!$I$7:$I$63,"Done") | F7: =COUNTIFS('Sprint Backlog'!$C$7:$C$63,B7,'Sprint Backlog'!$I$7:$I$63,"In Progress") | G7: =COUNTIFS('Sprint Backlog'!$C$7:$C$63,B7,'Sprint Backlog'!$I$7:$I$63,"Blocked") | H7: =IF(D7=0,0,E7/D7)
B8: Shalu | C8: HR | D8: =COUNTIF('Sprint Backlog'!$C$7:$C$63,B8) | E8: =COUNTIFS('Sprint Backlog'!$C$7:$C$63,B8,'Sprint Backlog'!$I$7:$I$63,"Done") | F8: =COUNTIFS('Sprint Backlog'!$C$7:$C$63,B8,'Sprint Backlog'!$I$7:$I$63,"In Progress") | G8: =COUNTIFS('Sprint Backlog'!$C$7:$C$63,B8,'Sprint Backlog'!$I$7:$I$63,"Blocked") | H8: =IF(D8=0,0,E8/D8)
B9: Harsh | C9: Admin / HR | D9: =COUNTIF('Sprint Backlog'!$C$7:$C$63,B9) | E9: =COUNTIFS('Sprint Backlog'!$C$7:$C$63,B9,'Sprint Backlog'!$I$7:$I$63,"Done") | F9: =COUNTIFS('Sprint Backlog'!$C$7:$C$63,B9,'Sprint Backlog'!$I$7:$I$63,"In Progress") | G9: =COUNTIFS('Sprint Backlog'!$C$7:$C$63,B9,'Sprint Backlog'!$I$7:$I$63,"Blocked") | H9: =IF(D9=0,0,E9/D9)
B10: Saleena | C10: Dashboard | D10: =COUNTIF('Sprint Backlog'!$C$7:$C$63,B10) | E10: =COUNTIFS('Sprint Backlog'!$C$7:$C$63,B10,'Sprint Backlog'!$I$7:$I$63,"Done") | F10: =COUNTIFS('Sprint Backlog'!$C$7:$C$63,B10,'Sprint Backlog'!$I$7:$I$63,"In Progress") | G10: =COUNTIFS('Sprint Backlog'!$C$7:$C$63,B10,'Sprint Backlog'!$I$7:$I$63,"Blocked") | H10: =IF(D10=0,0,E10/D10)
B11: Akash | C11: Dashboard / Review | D11: =COUNTIF('Sprint Backlog'!$C$7:$C$63,B11) | E11: =COUNTIFS('Sprint Backlog'!$C$7:$C$63,B11,'Sprint Backlog'!$I$7:$I$63,"Done") | F11: =COUNTIFS('Sprint Backlog'!$C$7:$C$63,B11,'Sprint Backlog'!$I$7:$I$63,"In Progress") | G11: =COUNTIFS('Sprint Backlog'!$C$7:$C$63,B11,'Sprint Backlog'!$I$7:$I$63,"Blocked") | H11: =IF(D11=0,0,E11/D11)
B12: Gaurav | C12: Review | D12: =COUNTIF('Sprint Backlog'!$C$7:$C$63,B12) | E12: =COUNTIFS('Sprint Backlog'!$C$7:$C$63,B12,'Sprint Backlog'!$I$7:$I$63,"Done") | F12: =COUNTIFS('Sprint Backlog'!$C$7:$C$63,B12,'Sprint Backlog'!$I$7:$I$63,"In Progress") | G12: =COUNTIFS('Sprint Backlog'!$C$7:$C$63,B12,'Sprint Backlog'!$I$7:$I$63,"Blocked") | H12: =IF(D12=0,0,E12/D12)
B14: Note: Shared owners (e.g. Saleena & Akash) are counted on those exact Owner cell values in Sprint Backlog.

Sheet Handoffs
B2: Handoff Contracts
B4: From → To | C4: Done When (Contract) | D4: From Owner | E4: To Owner | F4: Status | G4: Notes
B5: Admin → All | C5: Login works; masters API returns seeded values | D5: Harsh | E5: All module owners | F5: Open
B6: Sales → TA | C6: Requirement exists with REQ-#####, Active, TA assigned | D6: Ananya | E6: Mohit & Rohit | F6: Open
B7: TA → HR | C7: Candidate Selected; Offer Accepted | D7: Rohit | E7: Shalu | F7: Open
B8: HR → Dashboard | C8: Status Joined with actual DOJ; closed positions updated | D8: Shalu | E8: Saleena & Akash | F8: Open
B9: All → Review | C9: PR linked to Step ID + short test notes | D9: All owners | E9: Akash & Gaurav | F9: Open

Sheet Manager Demo
B2: Manager Showcase Checklist (use every sprint review ~10 min)
B4: # | C4: Agenda Item | D4: Time | E4: Where in this workbook
B5: 1 | C5: Who owns what — ownership table | D5: 2 min | E5: Show Ownership sheet
B6: 2 | C6: Steps completed — checkboxes by Step ID | D6: 2 min | E6: Filter Sprint Backlog by current sprint + Done
B7: 3 | C7: Live demo — one vertical slice only | D7: 4 min | E7: See Sprint Boards → Manager Demo column
B8: 4 | C8: What's next / dependencies | D8: 1 min | E8: Handoffs sheet + next sprint focus
B9: 5 | C9: Risks — blockers Review found | D9: 1 min | E9: Filter Status = Blocked on Sprint Backlog
B11: Per-sprint demo lines (copy into slides)
B12: Sprint | C12: Theme | D12: Demo Line
B13: S1 | C13: Foundations | D13: Login → create requirement
B14: S2 | C14: Sales + Admin usable | D14: Create user → client → req → assign TA
B15: S3 | C15: TA pipeline starts | D15: One req with 2–3 candidates moving stages
B16: S4 | C16: Selection quality | D16: Duplicate warning + select a candidate
B17: S5 | C17: Offers | D17: Selected → offer released → accepted
B18: S6 | C18: HR join path | D18: Accepted offer → Joined; positions closed
B19: S7 | C19: Dashboard parity | D19: Filter dashboard; RED escalations; CSV import
B20: S8 | C20: Hardening & showcase | D20: E2E: Sales → TA → Offer → HR → Dashboard
B22: References: docs/12-planning/TEAM_SPRINT_PLAN.md · EPICS_AND_STORIES.md · SPRINT_AND_MILESTONES.md

Sheet Lookups
A1: Not Started | B1: Ananya | C1: Sales
A2: In Progress | B2: Mohit | C2: TA
A3: Blocked | B3: Rohit | C3: HR
A4: In Review | B4: Shalu | C4: Admin
A5: Done | B5: Harsh | C5: Dashboard
B6: Saleena | C6: Review
B7: Akash | C7: All
B8: Gaurav
B9: Saleena & Akash
B10: Akash & Gaurav
B11: Mohit & Rohit
B12: All owners
